<?xml version="1.0" encoding="UTF-8"?>
<!-- Dataset-XML: Untyped Data Example  --> 
<!-- Built from the SAS XPT files published with the SDTM-MSG (SDTM Metadata Submission Guidelines) V2.0 --> 
<ODM
  xmlns="http://www.cdisc.org/ns/odm/v1.3"
  xmlns:xlink="http://www.w3.org/1999/xlink" 
  xmlns:data="http://www.cdisc.org/ns/Dataset-XML/v1.0"
  FileType="Snapshot"
  ODMVersion="1.3.2"
  data:DatasetXMLVersion="1.0.0"
  FileOID="www.cdisc.org/StudyMSGv2/1/Define-XML_2.1.0(IG.DI).Data(DI)"
  PriorFileOID="www.cdisc.org/StudyMSGv2/1/Define-XML_2.1.0"
  CreationDateTime="2020-08-21T09:21:13"
  Originator="CDISC MSG Team"
  SourceSystem="M.Hungria-System"
  SourceSystemVersion="2.1-A1"
  >
  <ReferenceData
    StudyOID="cdisc.com/CDISCPILOT01"
    MetaDataVersionOID="MDV.MSGv2.0.SDTMIG.3.3.SDTM.1.7">
    <!-- Dataset (DI) -->
    <ItemGroupData ItemGroupOID="IG.DI" data:ItemGroupDataSeq="1">
      <ItemData ItemOID="IT.DI.STUDYID" Value="CDISCPILOT01"/>
      <ItemData ItemOID="IT.DI.DOMAIN" Value="DI"/>
      <ItemData ItemOID="IT.DI.SPDEVID" Value="DEV0001"/>
      <ItemData ItemOID="IT.DI.DISEQ" Value="1"/>
      <ItemData ItemOID="IT.DI.DIPARMCD" Value="DEVTYPE"/>
      <ItemData ItemOID="IT.DI.DIPARM" Value="Device Type"/>
      <ItemData ItemOID="IT.DI.DIVAL" Value="Drug Auto-Injector"/>
    </ItemGroupData>
    <ItemGroupData ItemGroupOID="IG.DI" data:ItemGroupDataSeq="2">
      <ItemData ItemOID="IT.DI.STUDYID" Value="CDISCPILOT01"/>
      <ItemData ItemOID="IT.DI.DOMAIN" Value="DI"/>
      <ItemData ItemOID="IT.DI.SPDEVID" Value="DEV0001"/>
      <ItemData ItemOID="IT.DI.DISEQ" Value="2"/>
      <ItemData ItemOID="IT.DI.DIPARMCD" Value="SERIAL"/>
      <ItemData ItemOID="IT.DI.DIPARM" Value="Serial Number"/>
      <ItemData ItemOID="IT.DI.DIVAL" Value="CDISC-DEVICE-0001"/>
    </ItemGroupData>
    <ItemGroupData ItemGroupOID="IG.DI" data:ItemGroupDataSeq="3">
      <ItemData ItemOID="IT.DI.STUDYID" Value="CDISCPILOT01"/>
      <ItemData ItemOID="IT.DI.DOMAIN" Value="DI"/>
      <ItemData ItemOID="IT.DI.SPDEVID" Value="DEV0002"/>
      <ItemData ItemOID="IT.DI.DISEQ" Value="1"/>
      <ItemData ItemOID="IT.DI.DIPARMCD" Value="DEVTYPE"/>
      <ItemData ItemOID="IT.DI.DIPARM" Value="Device Type"/>
      <ItemData ItemOID="IT.DI.DIVAL" Value="Drug Auto-Injector"/>
    </ItemGroupData>
    <ItemGroupData ItemGroupOID="IG.DI" data:ItemGroupDataSeq="4">
      <ItemData ItemOID="IT.DI.STUDYID" Value="CDISCPILOT01"/>
      <ItemData ItemOID="IT.DI.DOMAIN" Value="DI"/>
      <ItemData ItemOID="IT.DI.SPDEVID" Value="DEV0002"/>
      <ItemData ItemOID="IT.DI.DISEQ" Value="2"/>
      <ItemData ItemOID="IT.DI.DIPARMCD" Value="SERIAL"/>
      <ItemData ItemOID="IT.DI.DIPARM" Value="Serial Number"/>
      <ItemData ItemOID="IT.DI.DIVAL" Value="CDISC-DEVICE-0002"/>
    </ItemGroupData>
    <ItemGroupData ItemGroupOID="IG.DI" data:ItemGroupDataSeq="5">
      <ItemData ItemOID="IT.DI.STUDYID" Value="CDISCPILOT01"/>
      <ItemData ItemOID="IT.DI.DOMAIN" Value="DI"/>
      <ItemData ItemOID="IT.DI.SPDEVID" Value="DEV0003"/>
      <ItemData ItemOID="IT.DI.DISEQ" Value="1"/>
      <ItemData ItemOID="IT.DI.DIPARMCD" Value="DEVTYPE"/>
      <ItemData ItemOID="IT.DI.DIPARM" Value="Device Type"/>
      <ItemData ItemOID="IT.DI.DIVAL" Value="Drug Auto-Injector"/>
    </ItemGroupData>
    <ItemGroupData ItemGroupOID="IG.DI" data:ItemGroupDataSeq="6">
      <ItemData ItemOID="IT.DI.STUDYID" Value="CDISCPILOT01"/>
      <ItemData ItemOID="IT.DI.DOMAIN" Value="DI"/>
      <ItemData ItemOID="IT.DI.SPDEVID" Value="DEV0003"/>
      <ItemData ItemOID="IT.DI.DISEQ" Value="2"/>
      <ItemData ItemOID="IT.DI.DIPARMCD" Value="SERIAL"/>
      <ItemData ItemOID="IT.DI.DIPARM" Value="Serial Number"/>
      <ItemData ItemOID="IT.DI.DIVAL" Value="CDISC-DEVICE-0003"/>
    </ItemGroupData>
    <ItemGroupData ItemGroupOID="IG.DI" data:ItemGroupDataSeq="7">
      <ItemData ItemOID="IT.DI.STUDYID" Value="CDISCPILOT01"/>
      <ItemData ItemOID="IT.DI.DOMAIN" Value="DI"/>
      <ItemData ItemOID="IT.DI.SPDEVID" Value="DEV0004"/>
      <ItemData ItemOID="IT.DI.DISEQ" Value="1"/>
      <ItemData ItemOID="IT.DI.DIPARMCD" Value="DEVTYPE"/>
      <ItemData ItemOID="IT.DI.DIPARM" Value="Device Type"/>
      <ItemData ItemOID="IT.DI.DIVAL" Value="Drug Auto-Injector"/>
    </ItemGroupData>
    <ItemGroupData ItemGroupOID="IG.DI" data:ItemGroupDataSeq="8">
      <ItemData ItemOID="IT.DI.STUDYID" Value="CDISCPILOT01"/>
      <ItemData ItemOID="IT.DI.DOMAIN" Value="DI"/>
      <ItemData ItemOID="IT.DI.SPDEVID" Value="DEV0004"/>
      <ItemData ItemOID="IT.DI.DISEQ" Value="2"/>
      <ItemData ItemOID="IT.DI.DIPARMCD" Value="SERIAL"/>
      <ItemData ItemOID="IT.DI.DIPARM" Value="Serial Number"/>
      <ItemData ItemOID="IT.DI.DIVAL" Value="CDISC-DEVICE-0004"/>
    </ItemGroupData>
    <ItemGroupData ItemGroupOID="IG.DI" data:ItemGroupDataSeq="9">
      <ItemData ItemOID="IT.DI.STUDYID" Value="CDISCPILOT01"/>
      <ItemData ItemOID="IT.DI.DOMAIN" Value="DI"/>
      <ItemData ItemOID="IT.DI.SPDEVID" Value="DEV0005"/>
      <ItemData ItemOID="IT.DI.DISEQ" Value="1"/>
      <ItemData ItemOID="IT.DI.DIPARMCD" Value="DEVTYPE"/>
      <ItemData ItemOID="IT.DI.DIPARM" Value="Device Type"/>
      <ItemData ItemOID="IT.DI.DIVAL" Value="Drug Auto-Injector"/>
    </ItemGroupData>
    <ItemGroupData ItemGroupOID="IG.DI" data:ItemGroupDataSeq="10">
      <ItemData ItemOID="IT.DI.STUDYID" Value="CDISCPILOT01"/>
      <ItemData ItemOID="IT.DI.DOMAIN" Value="DI"/>
      <ItemData ItemOID="IT.DI.SPDEVID" Value="DEV0005"/>
      <ItemData ItemOID="IT.DI.DISEQ" Value="2"/>
      <ItemData ItemOID="IT.DI.DIPARMCD" Value="SERIAL"/>
      <ItemData ItemOID="IT.DI.DIPARM" Value="Serial Number"/>
      <ItemData ItemOID="IT.DI.DIVAL" Value="CDISC-DEVICE-0005"/>
    </ItemGroupData>
    <ItemGroupData ItemGroupOID="IG.DI" data:ItemGroupDataSeq="11">
      <ItemData ItemOID="IT.DI.STUDYID" Value="CDISCPILOT01"/>
      <ItemData ItemOID="IT.DI.DOMAIN" Value="DI"/>
      <ItemData ItemOID="IT.DI.SPDEVID" Value="DEV0006"/>
      <ItemData ItemOID="IT.DI.DISEQ" Value="1"/>
      <ItemData ItemOID="IT.DI.DIPARMCD" Value="DEVTYPE"/>
      <ItemData ItemOID="IT.DI.DIPARM" Value="Device Type"/>
      <ItemData ItemOID="IT.DI.DIVAL" Value="Drug Auto-Injector"/>
    </ItemGroupData>
    <ItemGroupData ItemGroupOID="IG.DI" data:ItemGroupDataSeq="12">
      <ItemData ItemOID="IT.DI.STUDYID" Value="CDISCPILOT01"/>
      <ItemData ItemOID="IT.DI.DOMAIN" Value="DI"/>
      <ItemData ItemOID="IT.DI.SPDEVID" Value="DEV0006"/>
      <ItemData ItemOID="IT.DI.DISEQ" Value="2"/>
      <ItemData ItemOID="IT.DI.DIPARMCD" Value="SERIAL"/>
      <ItemData ItemOID="IT.DI.DIPARM" Value="Serial Number"/>
      <ItemData ItemOID="IT.DI.DIVAL" Value="CDISC-DEVICE-0006"/>
    </ItemGroupData>
    <ItemGroupData ItemGroupOID="IG.DI" data:ItemGroupDataSeq="13">
      <ItemData ItemOID="IT.DI.STUDYID" Value="CDISCPILOT01"/>
      <ItemData ItemOID="IT.DI.DOMAIN" Value="DI"/>
      <ItemData ItemOID="IT.DI.SPDEVID" Value="DEV0007"/>
      <ItemData ItemOID="IT.DI.DISEQ" Value="1"/>
      <ItemData ItemOID="IT.DI.DIPARMCD" Value="DEVTYPE"/>
      <ItemData ItemOID="IT.DI.DIPARM" Value="Device Type"/>
      <ItemData ItemOID="IT.DI.DIVAL" Value="Drug Auto-Injector"/>
    </ItemGroupData>
    <ItemGroupData ItemGroupOID="IG.DI" data:ItemGroupDataSeq="14">
      <ItemData ItemOID="IT.DI.STUDYID" Value="CDISCPILOT01"/>
      <ItemData ItemOID="IT.DI.DOMAIN" Value="DI"/>
      <ItemData ItemOID="IT.DI.SPDEVID" Value="DEV0007"/>
      <ItemData ItemOID="IT.DI.DISEQ" Value="2"/>
      <ItemData ItemOID="IT.DI.DIPARMCD" Value="SERIAL"/>
      <ItemData ItemOID="IT.DI.DIPARM" Value="Serial Number"/>
      <ItemData ItemOID="IT.DI.DIVAL" Value="CDISC-DEVICE-0007"/>
    </ItemGroupData>
    <ItemGroupData ItemGroupOID="IG.DI" data:ItemGroupDataSeq="15">
      <ItemData ItemOID="IT.DI.STUDYID" Value="CDISCPILOT01"/>
      <ItemData ItemOID="IT.DI.DOMAIN" Value="DI"/>
      <ItemData ItemOID="IT.DI.SPDEVID" Value="DEV0008"/>
      <ItemData ItemOID="IT.DI.DISEQ" Value="1"/>
      <ItemData ItemOID="IT.DI.DIPARMCD" Value="DEVTYPE"/>
      <ItemData ItemOID="IT.DI.DIPARM" Value="Device Type"/>
      <ItemData ItemOID="IT.DI.DIVAL" Value="Drug Auto-Injector"/>
    </ItemGroupData>
    <ItemGroupData ItemGroupOID="IG.DI" data:ItemGroupDataSeq="16">
      <ItemData ItemOID="IT.DI.STUDYID" Value="CDISCPILOT01"/>
      <ItemData ItemOID="IT.DI.DOMAIN" Value="DI"/>
      <ItemData ItemOID="IT.DI.SPDEVID" Value="DEV0008"/>
      <ItemData ItemOID="IT.DI.DISEQ" Value="2"/>
      <ItemData ItemOID="IT.DI.DIPARMCD" Value="SERIAL"/>
      <ItemData ItemOID="IT.DI.DIPARM" Value="Serial Number"/>
      <ItemData ItemOID="IT.DI.DIVAL" Value="CDISC-DEVICE-0008"/>
    </ItemGroupData>
    <ItemGroupData ItemGroupOID="IG.DI" data:ItemGroupDataSeq="17">
      <ItemData ItemOID="IT.DI.STUDYID" Value="CDISCPILOT01"/>
      <ItemData ItemOID="IT.DI.DOMAIN" Value="DI"/>
      <ItemData ItemOID="IT.DI.SPDEVID" Value="DEV0009"/>
      <ItemData ItemOID="IT.DI.DISEQ" Value="1"/>
      <ItemData ItemOID="IT.DI.DIPARMCD" Value="DEVTYPE"/>
      <ItemData ItemOID="IT.DI.DIPARM" Value="Device Type"/>
      <ItemData ItemOID="IT.DI.DIVAL" Value="Drug Auto-Injector"/>
    </ItemGroupData>
    <ItemGroupData ItemGroupOID="IG.DI" data:ItemGroupDataSeq="18">
      <ItemData ItemOID="IT.DI.STUDYID" Value="CDISCPILOT01"/>
      <ItemData ItemOID="IT.DI.DOMAIN" Value="DI"/>
      <ItemData ItemOID="IT.DI.SPDEVID" Value="DEV0009"/>
      <ItemData ItemOID="IT.DI.DISEQ" Value="2"/>
      <ItemData ItemOID="IT.DI.DIPARMCD" Value="SERIAL"/>
      <ItemData ItemOID="IT.DI.DIPARM" Value="Serial Number"/>
      <ItemData ItemOID="IT.DI.DIVAL" Value="CDISC-DEVICE-0009"/>
    </ItemGroupData>
    <ItemGroupData ItemGroupOID="IG.DI" data:ItemGroupDataSeq="19">
      <ItemData ItemOID="IT.DI.STUDYID" Value="CDISCPILOT01"/>
      <ItemData ItemOID="IT.DI.DOMAIN" Value="DI"/>
      <ItemData ItemOID="IT.DI.SPDEVID" Value="DEV0010"/>
      <ItemData ItemOID="IT.DI.DISEQ" Value="1"/>
      <ItemData ItemOID="IT.DI.DIPARMCD" Value="DEVTYPE"/>
      <ItemData ItemOID="IT.DI.DIPARM" Value="Device Type"/>
      <ItemData ItemOID="IT.DI.DIVAL" Value="Drug Auto-Injector"/>
    </ItemGroupData>
    <ItemGroupData ItemGroupOID="IG.DI" data:ItemGroupDataSeq="20">
      <ItemData ItemOID="IT.DI.STUDYID" Value="CDISCPILOT01"/>
      <ItemData ItemOID="IT.DI.DOMAIN" Value="DI"/>
      <ItemData ItemOID="IT.DI.SPDEVID" Value="DEV0010"/>
      <ItemData ItemOID="IT.DI.DISEQ" Value="2"/>
      <ItemData ItemOID="IT.DI.DIPARMCD" Value="SERIAL"/>
      <ItemData ItemOID="IT.DI.DIPARM" Value="Serial Number"/>
      <ItemData ItemOID="IT.DI.DIVAL" Value="CDISC-DEVICE-0010"/>
    </ItemGroupData>
    <ItemGroupData ItemGroupOID="IG.DI" data:ItemGroupDataSeq="21">
      <ItemData ItemOID="IT.DI.STUDYID" Value="CDISCPILOT01"/>
      <ItemData ItemOID="IT.DI.DOMAIN" Value="DI"/>
      <ItemData ItemOID="IT.DI.SPDEVID" Value="DEV0011"/>
      <ItemData ItemOID="IT.DI.DISEQ" Value="1"/>
      <ItemData ItemOID="IT.DI.DIPARMCD" Value="DEVTYPE"/>
      <ItemData ItemOID="IT.DI.DIPARM" Value="Device Type"/>
      <ItemData ItemOID="IT.DI.DIVAL" Value="Drug Auto-Injector"/>
    </ItemGroupData>
    <ItemGroupData ItemGroupOID="IG.DI" data:ItemGroupDataSeq="22">
      <ItemData ItemOID="IT.DI.STUDYID" Value="CDISCPILOT01"/>
      <ItemData ItemOID="IT.DI.DOMAIN" Value="DI"/>
      <ItemData ItemOID="IT.DI.SPDEVID" Value="DEV0011"/>
      <ItemData ItemOID="IT.DI.DISEQ" Value="2"/>
      <ItemData ItemOID="IT.DI.DIPARMCD" Value="SERIAL"/>
      <ItemData ItemOID="IT.DI.DIPARM" Value="Serial Number"/>
      <ItemData ItemOID="IT.DI.DIVAL" Value="CDISC-DEVICE-0011"/>
    </ItemGroupData>
    <ItemGroupData ItemGroupOID="IG.DI" data:ItemGroupDataSeq="23">
      <ItemData ItemOID="IT.DI.STUDYID" Value="CDISCPILOT01"/>
      <ItemData ItemOID="IT.DI.DOMAIN" Value="DI"/>
      <ItemData ItemOID="IT.DI.SPDEVID" Value="DEV0012"/>
      <ItemData ItemOID="IT.DI.DISEQ" Value="1"/>
      <ItemData ItemOID="IT.DI.DIPARMCD" Value="DEVTYPE"/>
      <ItemData ItemOID="IT.DI.DIPARM" Value="Device Type"/>
      <ItemData ItemOID="IT.DI.DIVAL" Value="Drug Auto-Injector"/>
    </ItemGroupData>
    <ItemGroupData ItemGroupOID="IG.DI" data:ItemGroupDataSeq="24">
      <ItemData ItemOID="IT.DI.STUDYID" Value="CDISCPILOT01"/>
      <ItemData ItemOID="IT.DI.DOMAIN" Value="DI"/>
      <ItemData ItemOID="IT.DI.SPDEVID" Value="DEV0012"/>
      <ItemData ItemOID="IT.DI.DISEQ" Value="2"/>
      <ItemData ItemOID="IT.DI.DIPARMCD" Value="SERIAL"/>
      <ItemData ItemOID="IT.DI.DIPARM" Value="Serial Number"/>
      <ItemData ItemOID="IT.DI.DIVAL" Value="CDISC-DEVICE-0012"/>
    </ItemGroupData>
    <ItemGroupData ItemGroupOID="IG.DI" data:ItemGroupDataSeq="25">
      <ItemData ItemOID="IT.DI.STUDYID" Value="CDISCPILOT01"/>
      <ItemData ItemOID="IT.DI.DOMAIN" Value="DI"/>
      <ItemData ItemOID="IT.DI.SPDEVID" Value="DEV0013"/>
      <ItemData ItemOID="IT.DI.DISEQ" Value="1"/>
      <ItemData ItemOID="IT.DI.DIPARMCD" Value="DEVTYPE"/>
      <ItemData ItemOID="IT.DI.DIPARM" Value="Device Type"/>
      <ItemData ItemOID="IT.DI.DIVAL" Value="Drug Auto-Injector"/>
    </ItemGroupData>
    <ItemGroupData ItemGroupOID="IG.DI" data:ItemGroupDataSeq="26">
      <ItemData ItemOID="IT.DI.STUDYID" Value="CDISCPILOT01"/>
      <ItemData ItemOID="IT.DI.DOMAIN" Value="DI"/>
      <ItemData ItemOID="IT.DI.SPDEVID" Value="DEV0013"/>
      <ItemData ItemOID="IT.DI.DISEQ" Value="2"/>
      <ItemData ItemOID="IT.DI.DIPARMCD" Value="SERIAL"/>
      <ItemData ItemOID="IT.DI.DIPARM" Value="Serial Number"/>
      <ItemData ItemOID="IT.DI.DIVAL" Value="CDISC-DEVICE-0013"/>
    </ItemGroupData>
    <ItemGroupData ItemGroupOID="IG.DI" data:ItemGroupDataSeq="27">
      <ItemData ItemOID="IT.DI.STUDYID" Value="CDISCPILOT01"/>
      <ItemData ItemOID="IT.DI.DOMAIN" Value="DI"/>
      <ItemData ItemOID="IT.DI.SPDEVID" Value="DEV0014"/>
      <ItemData ItemOID="IT.DI.DISEQ" Value="1"/>
      <ItemData ItemOID="IT.DI.DIPARMCD" Value="DEVTYPE"/>
      <ItemData ItemOID="IT.DI.DIPARM" Value="Device Type"/>
      <ItemData ItemOID="IT.DI.DIVAL" Value="Drug Auto-Injector"/>
    </ItemGroupData>
    <ItemGroupData ItemGroupOID="IG.DI" data:ItemGroupDataSeq="28">
      <ItemData ItemOID="IT.DI.STUDYID" Value="CDISCPILOT01"/>
      <ItemData ItemOID="IT.DI.DOMAIN" Value="DI"/>
      <ItemData ItemOID="IT.DI.SPDEVID" Value="DEV0014"/>
      <ItemData ItemOID="IT.DI.DISEQ" Value="2"/>
      <ItemData ItemOID="IT.DI.DIPARMCD" Value="SERIAL"/>
      <ItemData ItemOID="IT.DI.DIPARM" Value="Serial Number"/>
      <ItemData ItemOID="IT.DI.DIVAL" Value="CDISC-DEVICE-0014"/>
    </ItemGroupData>
    <ItemGroupData ItemGroupOID="IG.DI" data:ItemGroupDataSeq="29">
      <ItemData ItemOID="IT.DI.STUDYID" Value="CDISCPILOT01"/>
      <ItemData ItemOID="IT.DI.DOMAIN" Value="DI"/>
      <ItemData ItemOID="IT.DI.SPDEVID" Value="DEV0015"/>
      <ItemData ItemOID="IT.DI.DISEQ" Value="1"/>
      <ItemData ItemOID="IT.DI.DIPARMCD" Value="DEVTYPE"/>
      <ItemData ItemOID="IT.DI.DIPARM" Value="Device Type"/>
      <ItemData ItemOID="IT.DI.DIVAL" Value="Drug Auto-Injector"/>
    </ItemGroupData>
    <ItemGroupData ItemGroupOID="IG.DI" data:ItemGroupDataSeq="30">
      <ItemData ItemOID="IT.DI.STUDYID" Value="CDISCPILOT01"/>
      <ItemData ItemOID="IT.DI.DOMAIN" Value="DI"/>
      <ItemData ItemOID="IT.DI.SPDEVID" Value="DEV0015"/>
      <ItemData ItemOID="IT.DI.DISEQ" Value="2"/>
      <ItemData ItemOID="IT.DI.DIPARMCD" Value="SERIAL"/>
      <ItemData ItemOID="IT.DI.DIPARM" Value="Serial Number"/>
      <ItemData ItemOID="IT.DI.DIVAL" Value="CDISC-DEVICE-0015"/>
    </ItemGroupData>
    <ItemGroupData ItemGroupOID="IG.DI" data:ItemGroupDataSeq="31">
      <ItemData ItemOID="IT.DI.STUDYID" Value="CDISCPILOT01"/>
      <ItemData ItemOID="IT.DI.DOMAIN" Value="DI"/>
      <ItemData ItemOID="IT.DI.SPDEVID" Value="DEV0016"/>
      <ItemData ItemOID="IT.DI.DISEQ" Value="1"/>
      <ItemData ItemOID="IT.DI.DIPARMCD" Value="DEVTYPE"/>
      <ItemData ItemOID="IT.DI.DIPARM" Value="Device Type"/>
      <ItemData ItemOID="IT.DI.DIVAL" Value="Drug Auto-Injector"/>
    </ItemGroupData>
    <ItemGroupData ItemGroupOID="IG.DI" data:ItemGroupDataSeq="32">
      <ItemData ItemOID="IT.DI.STUDYID" Value="CDISCPILOT01"/>
      <ItemData ItemOID="IT.DI.DOMAIN" Value="DI"/>
      <ItemData ItemOID="IT.DI.SPDEVID" Value="DEV0016"/>
      <ItemData ItemOID="IT.DI.DISEQ" Value="2"/>
      <ItemData ItemOID="IT.DI.DIPARMCD" Value="SERIAL"/>
      <ItemData ItemOID="IT.DI.DIPARM" Value="Serial Number"/>
      <ItemData ItemOID="IT.DI.DIVAL" Value="CDISC-DEVICE-0016"/>
    </ItemGroupData>
    <ItemGroupData ItemGroupOID="IG.DI" data:ItemGroupDataSeq="33">
      <ItemData ItemOID="IT.DI.STUDYID" Value="CDISCPILOT01"/>
      <ItemData ItemOID="IT.DI.DOMAIN" Value="DI"/>
      <ItemData ItemOID="IT.DI.SPDEVID" Value="DEV0017"/>
      <ItemData ItemOID="IT.DI.DISEQ" Value="1"/>
      <ItemData ItemOID="IT.DI.DIPARMCD" Value="DEVTYPE"/>
      <ItemData ItemOID="IT.DI.DIPARM" Value="Device Type"/>
      <ItemData ItemOID="IT.DI.DIVAL" Value="Drug Auto-Injector"/>
    </ItemGroupData>
    <ItemGroupData ItemGroupOID="IG.DI" data:ItemGroupDataSeq="34">
      <ItemData ItemOID="IT.DI.STUDYID" Value="CDISCPILOT01"/>
      <ItemData ItemOID="IT.DI.DOMAIN" Value="DI"/>
      <ItemData ItemOID="IT.DI.SPDEVID" Value="DEV0017"/>
      <ItemData ItemOID="IT.DI.DISEQ" Value="2"/>
      <ItemData ItemOID="IT.DI.DIPARMCD" Value="SERIAL"/>
      <ItemData ItemOID="IT.DI.DIPARM" Value="Serial Number"/>
      <ItemData ItemOID="IT.DI.DIVAL" Value="CDISC-DEVICE-0017"/>
    </ItemGroupData>
  </ReferenceData>
</ODM>
