<?xml version="1.0" encoding="UTF-8"?>
<!-- Dataset-XML: Untyped Data Example  --> 
<!-- Built from the SAS XPT files published with the SDTM-MSG (SDTM Metadata Submission Guidelines) V2.0 --> 
<ODM
  xmlns="http://www.cdisc.org/ns/odm/v1.3"
  xmlns:xlink="http://www.w3.org/1999/xlink" 
  xmlns:data="http://www.cdisc.org/ns/Dataset-XML/v1.0"
  FileType="Snapshot"
  ODMVersion="1.3.2"
  data:DatasetXMLVersion="1.0.0"
  FileOID="www.cdisc.org/StudyMSGv2/1/Define-XML_2.1.0(IG.TA).Data(TA)"
  PriorFileOID="www.cdisc.org/StudyMSGv2/1/Define-XML_2.1.0"
  CreationDateTime="2020-08-21T09:21:13"
  Originator="CDISC MSG Team"
  SourceSystem="M.Hungria-System"
  SourceSystemVersion="2.1-A1"
  >
  <ReferenceData
    StudyOID="cdisc.com/CDISCPILOT01"
    MetaDataVersionOID="MDV.MSGv2.0.SDTMIG.3.3.SDTM.1.7">
    <!-- Dataset (TA) -->
    <ItemGroupData ItemGroupOID="IG.TA" data:ItemGroupDataSeq="1">
      <ItemData ItemOID="IT.TA.STUDYID" Value="CDISCPILOT01"/>
      <ItemData ItemOID="IT.TA.DOMAIN" Value="TA"/>
      <ItemData ItemOID="IT.TA.ARMCD" Value="PLACEBO"/>
      <ItemData ItemOID="IT.TA.ARM" Value="Placebo"/>
      <ItemData ItemOID="IT.TA.TAETORD" Value="1"/>
      <ItemData ItemOID="IT.TA.ETCD" Value="SCREEN"/>
      <ItemData ItemOID="IT.TA.ELEMENT" Value="Screening"/>
      <ItemData ItemOID="IT.TA.TABRANCH" Value="Randomized to Placebo"/>
      <ItemData ItemOID="IT.TA.EPOCH" Value="SCREENING"/>
    </ItemGroupData>
    <ItemGroupData ItemGroupOID="IG.TA" data:ItemGroupDataSeq="2">
      <ItemData ItemOID="IT.TA.STUDYID" Value="CDISCPILOT01"/>
      <ItemData ItemOID="IT.TA.DOMAIN" Value="TA"/>
      <ItemData ItemOID="IT.TA.ARMCD" Value="PLACEBO"/>
      <ItemData ItemOID="IT.TA.ARM" Value="Placebo"/>
      <ItemData ItemOID="IT.TA.TAETORD" Value="2"/>
      <ItemData ItemOID="IT.TA.ETCD" Value="PLACEBO"/>
      <ItemData ItemOID="IT.TA.ELEMENT" Value="Placebo"/>
      <ItemData ItemOID="IT.TA.EPOCH" Value="TREATMENT"/>
    </ItemGroupData>
    <ItemGroupData ItemGroupOID="IG.TA" data:ItemGroupDataSeq="3">
      <ItemData ItemOID="IT.TA.STUDYID" Value="CDISCPILOT01"/>
      <ItemData ItemOID="IT.TA.DOMAIN" Value="TA"/>
      <ItemData ItemOID="IT.TA.ARMCD" Value="ZAN_LOW"/>
      <ItemData ItemOID="IT.TA.ARM" Value="Zanomaline Low Dose (54 mg)"/>
      <ItemData ItemOID="IT.TA.TAETORD" Value="1"/>
      <ItemData ItemOID="IT.TA.ETCD" Value="SCREEN"/>
      <ItemData ItemOID="IT.TA.ELEMENT" Value="Screening"/>
      <ItemData ItemOID="IT.TA.TABRANCH" Value="Randomized to Zanomaline Low Dose"/>
      <ItemData ItemOID="IT.TA.EPOCH" Value="SCREENING"/>
    </ItemGroupData>
    <ItemGroupData ItemGroupOID="IG.TA" data:ItemGroupDataSeq="4">
      <ItemData ItemOID="IT.TA.STUDYID" Value="CDISCPILOT01"/>
      <ItemData ItemOID="IT.TA.DOMAIN" Value="TA"/>
      <ItemData ItemOID="IT.TA.ARMCD" Value="ZAN_LOW"/>
      <ItemData ItemOID="IT.TA.ARM" Value="Zanomaline Low Dose (54 mg)"/>
      <ItemData ItemOID="IT.TA.TAETORD" Value="2"/>
      <ItemData ItemOID="IT.TA.ETCD" Value="LOW"/>
      <ItemData ItemOID="IT.TA.ELEMENT" Value="Zanomaline 54 mg"/>
      <ItemData ItemOID="IT.TA.EPOCH" Value="TREATMENT"/>
    </ItemGroupData>
    <ItemGroupData ItemGroupOID="IG.TA" data:ItemGroupDataSeq="5">
      <ItemData ItemOID="IT.TA.STUDYID" Value="CDISCPILOT01"/>
      <ItemData ItemOID="IT.TA.DOMAIN" Value="TA"/>
      <ItemData ItemOID="IT.TA.ARMCD" Value="ZAN_HIGH"/>
      <ItemData ItemOID="IT.TA.ARM" Value="Zanomaline High Dose (81 mg)"/>
      <ItemData ItemOID="IT.TA.TAETORD" Value="1"/>
      <ItemData ItemOID="IT.TA.ETCD" Value="SCREEN"/>
      <ItemData ItemOID="IT.TA.ELEMENT" Value="Screening"/>
      <ItemData ItemOID="IT.TA.TABRANCH" Value="Randomized to Zanomaline High Dose"/>
      <ItemData ItemOID="IT.TA.EPOCH" Value="SCREENING"/>
    </ItemGroupData>
    <ItemGroupData ItemGroupOID="IG.TA" data:ItemGroupDataSeq="6">
      <ItemData ItemOID="IT.TA.STUDYID" Value="CDISCPILOT01"/>
      <ItemData ItemOID="IT.TA.DOMAIN" Value="TA"/>
      <ItemData ItemOID="IT.TA.ARMCD" Value="ZAN_HIGH"/>
      <ItemData ItemOID="IT.TA.ARM" Value="Zanomaline High Dose (81 mg)"/>
      <ItemData ItemOID="IT.TA.TAETORD" Value="2"/>
      <ItemData ItemOID="IT.TA.ETCD" Value="TITRATE"/>
      <ItemData ItemOID="IT.TA.ELEMENT" Value="Zanomaline 54 mg Titration"/>
      <ItemData ItemOID="IT.TA.EPOCH" Value="TREATMENT"/>
    </ItemGroupData>
    <ItemGroupData ItemGroupOID="IG.TA" data:ItemGroupDataSeq="7">
      <ItemData ItemOID="IT.TA.STUDYID" Value="CDISCPILOT01"/>
      <ItemData ItemOID="IT.TA.DOMAIN" Value="TA"/>
      <ItemData ItemOID="IT.TA.ARMCD" Value="ZAN_HIGH"/>
      <ItemData ItemOID="IT.TA.ARM" Value="Zanomaline High Dose (81 mg)"/>
      <ItemData ItemOID="IT.TA.TAETORD" Value="3"/>
      <ItemData ItemOID="IT.TA.ETCD" Value="HIGH"/>
      <ItemData ItemOID="IT.TA.ELEMENT" Value="Zanomaline 81 mg"/>
      <ItemData ItemOID="IT.TA.EPOCH" Value="TREATMENT"/>
    </ItemGroupData>
    <ItemGroupData ItemGroupOID="IG.TA" data:ItemGroupDataSeq="8">
      <ItemData ItemOID="IT.TA.STUDYID" Value="CDISCPILOT01"/>
      <ItemData ItemOID="IT.TA.DOMAIN" Value="TA"/>
      <ItemData ItemOID="IT.TA.ARMCD" Value="ZAN_HIGH"/>
      <ItemData ItemOID="IT.TA.ARM" Value="Zanomaline High Dose (81 mg)"/>
      <ItemData ItemOID="IT.TA.TAETORD" Value="4"/>
      <ItemData ItemOID="IT.TA.ETCD" Value="TITRATE"/>
      <ItemData ItemOID="IT.TA.ELEMENT" Value="Zanomaline 54 mg Titration"/>
      <ItemData ItemOID="IT.TA.EPOCH" Value="TREATMENT"/>
    </ItemGroupData>
  </ReferenceData>
</ODM>
