<?xml version="1.0" encoding="UTF-8"?>
<!-- Dataset-XML: Untyped Data Example  --> 
<!-- Built from the SAS XPT files published with the SDTM-MSG (SDTM Metadata Submission Guidelines) V2.0 --> 
<ODM
  xmlns="http://www.cdisc.org/ns/odm/v1.3"
  xmlns:xlink="http://www.w3.org/1999/xlink" 
  xmlns:data="http://www.cdisc.org/ns/Dataset-XML/v1.0"
  FileType="Snapshot"
  ODMVersion="1.3.2"
  data:DatasetXMLVersion="1.0.0"
  FileOID="www.cdisc.org/StudyMSGv2/1/Define-XML_2.1.0(IG.TE).Data(TE)"
  PriorFileOID="www.cdisc.org/StudyMSGv2/1/Define-XML_2.1.0"
  CreationDateTime="2020-08-21T09:21:13"
  Originator="CDISC MSG Team"
  SourceSystem="M.Hungria-System"
  SourceSystemVersion="2.1-A1"
  >
  <ReferenceData
    StudyOID="cdisc.com/CDISCPILOT01"
    MetaDataVersionOID="MDV.MSGv2.0.SDTMIG.3.3.SDTM.1.7">
    <!-- Dataset (TE) -->
    <ItemGroupData ItemGroupOID="IG.TE" data:ItemGroupDataSeq="1">
      <ItemData ItemOID="IT.TE.STUDYID" Value="CDISCPILOT01"/>
      <ItemData ItemOID="IT.TE.DOMAIN" Value="TE"/>
      <ItemData ItemOID="IT.TE.ETCD" Value="SCREEN"/>
      <ItemData ItemOID="IT.TE.ELEMENT" Value="Screening"/>
      <ItemData ItemOID="IT.TE.TESTRL" Value="Date of informed consent"/>
      <ItemData ItemOID="IT.TE.TEENRL" Value="Completion of all screening activities, no more than 2 weeks from informed consent"/>
    </ItemGroupData>
    <ItemGroupData ItemGroupOID="IG.TE" data:ItemGroupDataSeq="2">
      <ItemData ItemOID="IT.TE.STUDYID" Value="CDISCPILOT01"/>
      <ItemData ItemOID="IT.TE.DOMAIN" Value="TE"/>
      <ItemData ItemOID="IT.TE.ETCD" Value="PLACEBO"/>
      <ItemData ItemOID="IT.TE.ELEMENT" Value="Placebo"/>
      <ItemData ItemOID="IT.TE.TESTRL" Value="First dose when drug is Placebo"/>
      <ItemData ItemOID="IT.TE.TEENRL" Value="26 weeks after the start of the Element"/>
    </ItemGroupData>
    <ItemGroupData ItemGroupOID="IG.TE" data:ItemGroupDataSeq="3">
      <ItemData ItemOID="IT.TE.STUDYID" Value="CDISCPILOT01"/>
      <ItemData ItemOID="IT.TE.DOMAIN" Value="TE"/>
      <ItemData ItemOID="IT.TE.ETCD" Value="LOW"/>
      <ItemData ItemOID="IT.TE.ELEMENT" Value="Zanomaline 54 mg"/>
      <ItemData ItemOID="IT.TE.TESTRL" Value="First dose when Dose=54 mg"/>
      <ItemData ItemOID="IT.TE.TEENRL" Value="26 weeks after the start of the Element"/>
    </ItemGroupData>
    <ItemGroupData ItemGroupOID="IG.TE" data:ItemGroupDataSeq="4">
      <ItemData ItemOID="IT.TE.STUDYID" Value="CDISCPILOT01"/>
      <ItemData ItemOID="IT.TE.DOMAIN" Value="TE"/>
      <ItemData ItemOID="IT.TE.ETCD" Value="TITRATE"/>
      <ItemData ItemOID="IT.TE.ELEMENT" Value="Zanomaline 54 mg Titration"/>
      <ItemData ItemOID="IT.TE.TESTRL" Value="First dose of titration period"/>
      <ItemData ItemOID="IT.TE.TEENRL" Value="2 weeks after the start of the Element"/>
    </ItemGroupData>
    <ItemGroupData ItemGroupOID="IG.TE" data:ItemGroupDataSeq="5">
      <ItemData ItemOID="IT.TE.STUDYID" Value="CDISCPILOT01"/>
      <ItemData ItemOID="IT.TE.DOMAIN" Value="TE"/>
      <ItemData ItemOID="IT.TE.ETCD" Value="HIGH"/>
      <ItemData ItemOID="IT.TE.ELEMENT" Value="Zanomaline 81 mg"/>
      <ItemData ItemOID="IT.TE.TESTRL" Value="First dose when Dose=81 mg"/>
      <ItemData ItemOID="IT.TE.TEENRL" Value="22 weeks after the start of the Element"/>
    </ItemGroupData>
  </ReferenceData>
</ODM>
