<?xml version="1.0" encoding="UTF-8"?>
<!-- Dataset-XML: Untyped Data Example  --> 
<!-- Built from the SAS XPT files published with the SDTM-MSG (SDTM Metadata Submission Guidelines) V2.0 --> 
<ODM
  xmlns="http://www.cdisc.org/ns/odm/v1.3"
  xmlns:xlink="http://www.w3.org/1999/xlink" 
  xmlns:data="http://www.cdisc.org/ns/Dataset-XML/v1.0"
  FileType="Snapshot"
  ODMVersion="1.3.2"
  data:DatasetXMLVersion="1.0.0"
  FileOID="www.cdisc.org/StudyMSGv2/1/Define-XML_2.1.0(IG.TV).Data(TV)"
  PriorFileOID="www.cdisc.org/StudyMSGv2/1/Define-XML_2.1.0"
  CreationDateTime="2020-08-21T09:21:13"
  Originator="CDISC MSG Team"
  SourceSystem="M.Hungria-System"
  SourceSystemVersion="2.1-A1"
  >
  <ReferenceData
    StudyOID="cdisc.com/CDISCPILOT01"
    MetaDataVersionOID="MDV.MSGv2.0.SDTMIG.3.3.SDTM.1.7">
    <!-- Dataset (TV) -->
    <ItemGroupData ItemGroupOID="IG.TV" data:ItemGroupDataSeq="1">
      <ItemData ItemOID="IT.TV.STUDYID" Value="CDISCPILOT01"/>
      <ItemData ItemOID="IT.TV.DOMAIN" Value="TV"/>
      <ItemData ItemOID="IT.TV.VISITNUM" Value="1"/>
      <ItemData ItemOID="IT.TV.VISIT" Value="SCREENING 1"/>
      <ItemData ItemOID="IT.TV.TVSTRL" Value="Informed Consent Obtained"/>
      <ItemData ItemOID="IT.TV.TVENRL" Value="Screening Assessments Completed"/>
    </ItemGroupData>
    <ItemGroupData ItemGroupOID="IG.TV" data:ItemGroupDataSeq="2">
      <ItemData ItemOID="IT.TV.STUDYID" Value="CDISCPILOT01"/>
      <ItemData ItemOID="IT.TV.DOMAIN" Value="TV"/>
      <ItemData ItemOID="IT.TV.VISITNUM" Value="2"/>
      <ItemData ItemOID="IT.TV.VISIT" Value="SCREENING 2"/>
      <ItemData ItemOID="IT.TV.TVSTRL" Value="Day Before Initial Study Treatment"/>
    </ItemGroupData>
    <ItemGroupData ItemGroupOID="IG.TV" data:ItemGroupDataSeq="3">
      <ItemData ItemOID="IT.TV.STUDYID" Value="CDISCPILOT01"/>
      <ItemData ItemOID="IT.TV.DOMAIN" Value="TV"/>
      <ItemData ItemOID="IT.TV.VISITNUM" Value="3"/>
      <ItemData ItemOID="IT.TV.VISIT" Value="BASELINE"/>
      <ItemData ItemOID="IT.TV.TVSTRL" Value="Day of Initial Study Treatment"/>
    </ItemGroupData>
    <ItemGroupData ItemGroupOID="IG.TV" data:ItemGroupDataSeq="4">
      <ItemData ItemOID="IT.TV.STUDYID" Value="CDISCPILOT01"/>
      <ItemData ItemOID="IT.TV.DOMAIN" Value="TV"/>
      <ItemData ItemOID="IT.TV.VISITNUM" Value="4"/>
      <ItemData ItemOID="IT.TV.VISIT" Value="WEEK 2"/>
      <ItemData ItemOID="IT.TV.TVSTRL" Value="2 Weeks After Start of Study Treatment"/>
    </ItemGroupData>
    <ItemGroupData ItemGroupOID="IG.TV" data:ItemGroupDataSeq="5">
      <ItemData ItemOID="IT.TV.STUDYID" Value="CDISCPILOT01"/>
      <ItemData ItemOID="IT.TV.DOMAIN" Value="TV"/>
      <ItemData ItemOID="IT.TV.VISITNUM" Value="5"/>
      <ItemData ItemOID="IT.TV.VISIT" Value="WEEK 4"/>
      <ItemData ItemOID="IT.TV.TVSTRL" Value="4 Weeks After Start of Study Treatment"/>
    </ItemGroupData>
    <ItemGroupData ItemGroupOID="IG.TV" data:ItemGroupDataSeq="6">
      <ItemData ItemOID="IT.TV.STUDYID" Value="CDISCPILOT01"/>
      <ItemData ItemOID="IT.TV.DOMAIN" Value="TV"/>
      <ItemData ItemOID="IT.TV.VISITNUM" Value="7"/>
      <ItemData ItemOID="IT.TV.VISIT" Value="WEEK 6"/>
      <ItemData ItemOID="IT.TV.TVSTRL" Value="6 Weeks After Start of Study Treatment"/>
    </ItemGroupData>
    <ItemGroupData ItemGroupOID="IG.TV" data:ItemGroupDataSeq="7">
      <ItemData ItemOID="IT.TV.STUDYID" Value="CDISCPILOT01"/>
      <ItemData ItemOID="IT.TV.DOMAIN" Value="TV"/>
      <ItemData ItemOID="IT.TV.VISITNUM" Value="8"/>
      <ItemData ItemOID="IT.TV.VISIT" Value="WEEK 8"/>
      <ItemData ItemOID="IT.TV.TVSTRL" Value="8 Weeks After Start of Study Treatment"/>
    </ItemGroupData>
    <ItemGroupData ItemGroupOID="IG.TV" data:ItemGroupDataSeq="8">
      <ItemData ItemOID="IT.TV.STUDYID" Value="CDISCPILOT01"/>
      <ItemData ItemOID="IT.TV.DOMAIN" Value="TV"/>
      <ItemData ItemOID="IT.TV.VISITNUM" Value="9"/>
      <ItemData ItemOID="IT.TV.VISIT" Value="WEEK 12"/>
      <ItemData ItemOID="IT.TV.TVSTRL" Value="12 Weeks After Start of Study Treatment"/>
    </ItemGroupData>
    <ItemGroupData ItemGroupOID="IG.TV" data:ItemGroupDataSeq="9">
      <ItemData ItemOID="IT.TV.STUDYID" Value="CDISCPILOT01"/>
      <ItemData ItemOID="IT.TV.DOMAIN" Value="TV"/>
      <ItemData ItemOID="IT.TV.VISITNUM" Value="10"/>
      <ItemData ItemOID="IT.TV.VISIT" Value="WEEK 16"/>
      <ItemData ItemOID="IT.TV.TVSTRL" Value="16 Weeks After Start of Study Treatment"/>
    </ItemGroupData>
    <ItemGroupData ItemGroupOID="IG.TV" data:ItemGroupDataSeq="10">
      <ItemData ItemOID="IT.TV.STUDYID" Value="CDISCPILOT01"/>
      <ItemData ItemOID="IT.TV.DOMAIN" Value="TV"/>
      <ItemData ItemOID="IT.TV.VISITNUM" Value="11"/>
      <ItemData ItemOID="IT.TV.VISIT" Value="WEEK 20"/>
      <ItemData ItemOID="IT.TV.TVSTRL" Value="20 Weeks After Start of Study Treatment"/>
    </ItemGroupData>
    <ItemGroupData ItemGroupOID="IG.TV" data:ItemGroupDataSeq="11">
      <ItemData ItemOID="IT.TV.STUDYID" Value="CDISCPILOT01"/>
      <ItemData ItemOID="IT.TV.DOMAIN" Value="TV"/>
      <ItemData ItemOID="IT.TV.VISITNUM" Value="12"/>
      <ItemData ItemOID="IT.TV.VISIT" Value="WEEK 24"/>
      <ItemData ItemOID="IT.TV.TVSTRL" Value="24 Weeks After Start of Study Treatment"/>
    </ItemGroupData>
    <ItemGroupData ItemGroupOID="IG.TV" data:ItemGroupDataSeq="12">
      <ItemData ItemOID="IT.TV.STUDYID" Value="CDISCPILOT01"/>
      <ItemData ItemOID="IT.TV.DOMAIN" Value="TV"/>
      <ItemData ItemOID="IT.TV.VISITNUM" Value="13"/>
      <ItemData ItemOID="IT.TV.VISIT" Value="WEEK 26"/>
      <ItemData ItemOID="IT.TV.TVSTRL" Value="26 Weeks After Start of Study Treatment"/>
    </ItemGroupData>
    <ItemGroupData ItemGroupOID="IG.TV" data:ItemGroupDataSeq="13">
      <ItemData ItemOID="IT.TV.STUDYID" Value="CDISCPILOT01"/>
      <ItemData ItemOID="IT.TV.DOMAIN" Value="TV"/>
      <ItemData ItemOID="IT.TV.VISITNUM" Value="101"/>
      <ItemData ItemOID="IT.TV.VISIT" Value="EARLY DISCONTINUATION"/>
      <ItemData ItemOID="IT.TV.TVSTRL" Value="Discontinuation Date Prior to Week 24"/>
    </ItemGroupData>
    <ItemGroupData ItemGroupOID="IG.TV" data:ItemGroupDataSeq="14">
      <ItemData ItemOID="IT.TV.STUDYID" Value="CDISCPILOT01"/>
      <ItemData ItemOID="IT.TV.DOMAIN" Value="TV"/>
      <ItemData ItemOID="IT.TV.VISITNUM" Value="201"/>
      <ItemData ItemOID="IT.TV.VISIT" Value="EARLY DISCONTINUATION RETRIEVAL"/>
      <ItemData ItemOID="IT.TV.TVSTRL" Value="Approximately 24 Weeks After Start of Study Treatment for Early Discontinuations"/>
    </ItemGroupData>
  </ReferenceData>
</ODM>
