{"creationDateTime": "2023-08-11T09:43:34", "datasetJSONVersion": "1.0.0", "fileOID": "www.cdisc.org/StudyMSGv2/1/Define-XML_2.1.0.TA", "originator": "CDISC MSG Team", "referenceData": {"studyOID": "cdisc.com/CDISCPILOT01", "metaDataVersionOID": "MDV.MSGv2.0.SDTMIG.3.3.SDTM.1.7", "itemGroupData": {"TA": {"records": 8, "name": "TA", "label": "Trial Arms", "items": [{"OID": "ITEMGROUPDATASEQ", "name": "ITEMGROUPDATASEQ", "label": "Record identifier", "type": "integer"}, {"OID": "IT.TA.STUDYID", "name": "STUDYID", "label": "Study Identifier", "type": "string", "length": 12, "keySequence": 1}, {"OID": "IT.TA.DOMAIN", "name": "DOMAIN", "label": "Domain Abbreviation", "type": "string", "length": 2}, {"OID": "IT.TA.ARMCD", "name": "ARMCD", "label": "Planned Arm Code", "type": "string", "length": 8, "keySequence": 2}, {"OID": "IT.TA.ARM", "name": "ARM", "label": "Description of Planned Arm", "type": "string", "length": 28}, {"OID": "IT.TA.TAETORD", "name": "TAETORD", "label": "Planned Order of Element within Arm", "type": "integer", "length": 8, "keySequence": 3}, {"OID": "IT.TA.ETCD", "name": "ETCD", "label": "Element Code", "type": "string", "length": 7}, {"OID": "IT.TA.ELEMENT", "name": "ELEMENT", "label": "Description of Element", "type": "string", "length": 26}, {"OID": "IT.TA.TABRANCH", "name": "TABRANCH", "label": "Branch", "type": "string", "length": 200}, {"OID": "IT.TA.TATRANS", "name": "TATRANS", "label": "Transition Rule", "type": "string", "length": 200}, {"OID": "IT.TA.EPOCH", "name": "EPOCH", "label": "Epoch", "type": "string", "length": 9}], "itemData": [[1, "CDISCPILOT01", "TA", "PLACEBO", "Placebo", 1, "SCREEN", "Screening", "Randomized to Placebo", "", "SCREENING"], [2, "CDISCPILOT01", "TA", "PLACEBO", "Placebo", 2, "PLACEBO", "Placebo", "", "", "TREATMENT"], [3, "CDISCPILOT01", "TA", "ZAN_LOW", "Zanomaline Low Dose (54 mg)", 1, "SCREEN", "Screening", "Randomized to Zanomaline Low Dose", "", "SCREENING"], [4, "CDISCPILOT01", "TA", "ZAN_LOW", "Zanomaline Low Dose (54 mg)", 2, "LOW", "Zanomaline 54 mg", "", "", "TREATMENT"], [5, "CDISCPILOT01", "TA", "ZAN_HIGH", "Zanomaline High Dose (81 mg)", 1, "SCREEN", "Screening", "Randomized to Zanomaline High Dose", "", "SCREENING"], [6, "CDISCPILOT01", "TA", "ZAN_HIGH", "Zanomaline High Dose (81 mg)", 2, "TITRATE", "Zanomaline 54 mg Titration", "", "", "TREATMENT"], [7, "CDISCPILOT01", "TA", "ZAN_HIGH", "Zanomaline High Dose (81 mg)", 3, "HIGH", "Zanomaline 81 mg", "", "", "TREATMENT"], [8, "CDISCPILOT01", "TA", "ZAN_HIGH", "Zanomaline High Dose (81 mg)", 4, "TITRATE", "Zanomaline 54 mg Titration", "", "", "TREATMENT"]]}}}}