{
	"creationDateTime": "2023-08-11T09:37:53",
	"datasetJSONVersion": "1.0.0",
	"fileOID": "www.cdisc.org/StudyMSGv2/1/Define-XML_2.1.0.TE",
	"originator": "CDISC MSG Team",
	"referenceData": {
		"studyOID": "cdisc.com/CDISCPILOT01",
		"metaDataVersionOID": "MDV.MSGv2.0.SDTMIG.3.3.SDTM.1.7",
		"itemGroupData": {
			"TE": {
				"records": 5,
				"name": "TE",
				"label": "Trial Elements",
				"items": [
					{
						"OID": "ITEMGROUPDATASEQ",
						"name": "ITEMGROUPDATASEQ",
						"label": "Record identifier",
						"type": "integer"
					},
					{
						"OID": "IT.TE.STUDYID",
						"name": "STUDYID",
						"label": "Study Identifier",
						"type": "string",
						"length": 12,
						"keySequence": 1
					},
					{
						"OID": "IT.TE.DOMAIN",
						"name": "DOMAIN",
						"label": "Domain Abbreviation",
						"type": "string",
						"length": 2
					},
					{
						"OID": "IT.TE.ETCD",
						"name": "ETCD",
						"label": "Element Code",
						"type": "string",
						"length": 7,
						"keySequence": 2
					},
					{
						"OID": "IT.TE.ELEMENT",
						"name": "ELEMENT",
						"label": "Description of Element",
						"type": "string",
						"length": 26
					},
					{
						"OID": "IT.TE.TESTRL",
						"name": "TESTRL",
						"label": "Rule for Start of Element",
						"type": "string",
						"length": 200
					},
					{
						"OID": "IT.TE.TEENRL",
						"name": "TEENRL",
						"label": "Rule for End of Element",
						"type": "string",
						"length": 200
					},
					{
						"OID": "IT.TE.TEDUR",
						"name": "TEDUR",
						"label": "Planned Duration of Element",
						"type": "string",
						"length": 200
					}
				],
				"itemData": [
					[
						1,
						"CDISCPILOT01",
						"TE",
						"SCREEN",
						"Screening",
						"Date of informed consent",
						"Completion of all screening activities, no more than 2 weeks from informed consent",
						""
					],
					[
						2,
						"CDISCPILOT01",
						"TE",
						"PLACEBO",
						"Placebo",
						"First dose when drug is Placebo",
						"26 weeks after the start of the Element",
						""
					],
					[
						3,
						"CDISCPILOT01",
						"TE",
						"LOW",
						"Zanomaline 54 mg",
						"First dose when Dose=54 mg",
						"26 weeks after the start of the Element",
						""
					],
					[
						4,
						"CDISCPILOT01",
						"TE",
						"TITRATE",
						"Zanomaline 54 mg Titration",
						"First dose of titration period",
						"",
						""
					],
					[
						5,
						"CDISCPILOT01",
						"TE",
						"HIGH",
						"Zanomaline 81 mg",
						"First dose when Dose=81 mg",
						"22 weeks after the start of the Element",
						""
					]
				]
			}
		}
	}
}