{"creationDateTime": "2023-08-11T09:43:34", "datasetJSONVersion": "1.0.0", "fileOID": "www.cdisc.org/StudyMSGv2/1/Define-XML_2.1.0.TV", "originator": "CDISC MSG Team", "referenceData": {"studyOID": "cdisc.com/CDISCPILOT01", "metaDataVersionOID": "MDV.MSGv2.0.SDTMIG.3.3.SDTM.1.7", "itemGroupData": {"TV": {"records": 14, "name": "TV", "label": "Trial Visits", "items": [{"OID": "ITEMGROUPDATASEQ", "name": "ITEMGROUPDATASEQ", "label": "Record identifier", "type": "integer"}, {"OID": "IT.TV.STUDYID", "name": "STUDYID", "label": "Study Identifier", "type": "string", "length": 12, "keySequence": 1}, {"OID": "IT.TV.DOMAIN", "name": "DOMAIN", "label": "Domain Abbreviation", "type": "string", "length": 2}, {"OID": "IT.TV.VISITNUM", "name": "VISITNUM", "label": "Visit Number", "type": "float", "length": 8, "keySequence": 2}, {"OID": "IT.TV.VISIT", "name": "VISIT", "label": "Visit Name", "type": "string", "length": 200}, {"OID": "IT.TV.ARMCD", "name": "ARMCD", "label": "Planned Arm Code", "type": "string", "length": 8, "keySequence": 3}, {"OID": "IT.TV.TVSTRL", "name": "TVSTRL", "label": "Visit Start Rule", "type": "string", "length": 200}, {"OID": "IT.TV.TVENRL", "name": "TVENRL", "label": "Visit End Rule", "type": "string", "length": 200}], "itemData": [[1, "CDISCPILOT01", "TV", 1.0, "SCREENING 1", "", "Informed Consent Obtained", "Screening Assessments Completed"], [2, "CDISCPILOT01", "TV", 2.0, "SCREENING 2", "", "Day Before Initial Study Treatment", ""], [3, "CDISCPILOT01", "TV", 3.0, "BASELINE", "", "Day of Initial Study Treatment", ""], [4, "CDISCPILOT01", "TV", 4.0, "WEEK 2", "", "2 Weeks After Start of Study Treatment", ""], [5, "CDISCPILOT01", "TV", 5.0, "WEEK 4", "", "4 Weeks After Start of Study Treatment", ""], [6, "CDISCPILOT01", "TV", 7.0, "WEEK 6", "", "6 Weeks After Start of Study Treatment", ""], [7, "CDISCPILOT01", "TV", 8.0, "WEEK 8", "", "8 Weeks After Start of Study Treatment", ""], [8, "CDISCPILOT01", "TV", 9.0, "WEEK 12", "", "12 Weeks After Start of Study Treatment", ""], [9, "CDISCPILOT01", "TV", 10.0, "WEEK 16", "", "16 Weeks After Start of Study Treatment", ""], [10, "CDISCPILOT01", "TV", 11.0, "WEEK 20", "", "20 Weeks After Start of Study Treatment", ""], [11, "CDISCPILOT01", "TV", 12.0, "WEEK 24", "", "24 Weeks After Start of Study Treatment", ""], [12, "CDISCPILOT01", "TV", 13.0, "WEEK 26", "", "26 Weeks After Start of Study Treatment", ""], [13, "CDISCPILOT01", "TV", 101.0, "EARLY DISCONTINUATION", "", "Discontinuation Date Prior to Week 24", ""], [14, "CDISCPILOT01", "TV", 201.0, "EARLY DISCONTINUATION RETRIEVAL", "", "Approximately 24 Weeks After Start of Study Treatment for Early Discontinuations", ""]]}}}}